{
  "fold": 1,
  "train": {
    "roc_auc": 0.9495387954422138,
    "pr_auc": 0.9572909519528792,
    "report": {
      "0.0": {
        "precision": 0.8076923076923077,
        "recall": 0.8842105263157894,
        "f1-score": 0.8442211055276382,
        "support": 95.0
      },
      "1.0": {
        "precision": 0.875,
        "recall": 0.7938144329896907,
        "f1-score": 0.8324324324324325,
        "support": 97.0
      },
      "accuracy": 0.8385416666666666,
      "macro avg": {
        "precision": 0.8413461538461539,
        "recall": 0.8390124796527401,
        "f1-score": 0.8383267689800353,
        "support": 192.0
      },
      "weighted avg": {
        "precision": 0.8416967147435898,
        "recall": 0.8385416666666666,
        "f1-score": 0.8382653696409977,
        "support": 192.0
      }
    }
  },
  "test": {
    "roc_auc": 0.913953488372093,
    "pr_auc": 0.9457654797295891,
    "report": {
      "0.0": {
        "precision": 0.7105263157894737,
        "recall": 0.9,
        "f1-score": 0.7941176470588235,
        "support": 30.0
      },
      "1.0": {
        "precision": 0.9142857142857143,
        "recall": 0.7441860465116279,
        "f1-score": 0.8205128205128205,
        "support": 43.0
      },
      "accuracy": 0.8082191780821918,
      "macro avg": {
        "precision": 0.812406015037594,
        "recall": 0.8220930232558139,
        "f1-score": 0.807315233785822,
        "support": 73.0
      },
      "weighted avg": {
        "precision": 0.8305489751776701,
        "recall": 0.8082191780821918,
        "f1-score": 0.8096654889563832,
        "support": 73.0
      }
    }
  }
}