{
  "fold": 3,
  "train": {
    "roc_auc": 0.993006993006993,
    "pr_auc": 0.9930842035285485,
    "report": {
      "0.0": {
        "precision": 1.0,
        "recall": 0.20454545454545456,
        "f1-score": 0.33962264150943394,
        "support": 88.0
      },
      "1.0": {
        "precision": 0.5977011494252874,
        "recall": 1.0,
        "f1-score": 0.7482014388489209,
        "support": 104.0
      },
      "accuracy": 0.6354166666666666,
      "macro avg": {
        "precision": 0.7988505747126438,
        "recall": 0.6022727272727273,
        "f1-score": 0.5439120401791774,
        "support": 192.0
      },
      "weighted avg": {
        "precision": 0.782088122605364,
        "recall": 0.6354166666666666,
        "f1-score": 0.5609361567349893,
        "support": 192.0
      }
    }
  },
  "test": {
    "roc_auc": 0.9699248120300752,
    "pr_auc": 0.9767096797504768,
    "report": {
      "0.0": {
        "precision": 1.0,
        "recall": 0.07894736842105263,
        "f1-score": 0.14634146341463414,
        "support": 38.0
      },
      "1.0": {
        "precision": 0.5,
        "recall": 1.0,
        "f1-score": 0.6666666666666666,
        "support": 35.0
      },
      "accuracy": 0.5205479452054794,
      "macro avg": {
        "precision": 0.75,
        "recall": 0.5394736842105263,
        "f1-score": 0.4065040650406504,
        "support": 73.0
      },
      "weighted avg": {
        "precision": 0.7602739726027398,
        "recall": 0.5205479452054794,
        "f1-score": 0.39581245127519765,
        "support": 73.0
      }
    }
  }
}