{
  "fold": 4,
  "train": {
    "roc_auc": 0.9838166612360161,
    "pr_auc": 0.9851970849294612,
    "report": {
      "0.0": {
        "precision": 0.9139784946236559,
        "recall": 0.9139784946236559,
        "f1-score": 0.9139784946236559,
        "support": 93.0
      },
      "1.0": {
        "precision": 0.9191919191919192,
        "recall": 0.9191919191919192,
        "f1-score": 0.9191919191919192,
        "support": 99.0
      },
      "accuracy": 0.9166666666666666,
      "macro avg": {
        "precision": 0.9165852069077876,
        "recall": 0.9165852069077876,
        "f1-score": 0.9165852069077876,
        "support": 192.0
      },
      "weighted avg": {
        "precision": 0.9166666666666666,
        "recall": 0.9166666666666666,
        "f1-score": 0.9166666666666666,
        "support": 192.0
      }
    }
  },
  "test": {
    "roc_auc": 0.9875679875679876,
    "pr_auc": 0.9896355838817221,
    "report": {
      "0.0": {
        "precision": 0.8857142857142857,
        "recall": 0.9393939393939394,
        "f1-score": 0.9117647058823529,
        "support": 33.0
      },
      "1.0": {
        "precision": 0.9459459459459459,
        "recall": 0.8974358974358975,
        "f1-score": 0.9210526315789473,
        "support": 39.0
      },
      "accuracy": 0.9166666666666666,
      "macro avg": {
        "precision": 0.9158301158301159,
        "recall": 0.9184149184149184,
        "f1-score": 0.9164086687306501,
        "support": 72.0
      },
      "weighted avg": {
        "precision": 0.9183397683397685,
        "recall": 0.9166666666666666,
        "f1-score": 0.9167956656346747,
        "support": 72.0
      }
    }
  }
}