{
  "fold": 2,
  "train": {
    "roc_auc": 0.9463292243918402,
    "pr_auc": 0.9595258192492754,
    "report": {
      "0.0": {
        "precision": 1.0,
        "recall": 0.5168539325842697,
        "f1-score": 0.6814814814814815,
        "support": 89.0
      },
      "1.0": {
        "precision": 0.7054794520547946,
        "recall": 1.0,
        "f1-score": 0.8273092369477911,
        "support": 103.0
      },
      "accuracy": 0.7760416666666666,
      "macro avg": {
        "precision": 0.8527397260273972,
        "recall": 0.7584269662921348,
        "f1-score": 0.7543953592146363,
        "support": 192.0
      },
      "weighted avg": {
        "precision": 0.842001997716895,
        "recall": 0.7760416666666666,
        "f1-score": 0.7597119961326788,
        "support": 192.0
      }
    }
  },
  "test": {
    "roc_auc": 0.9166666666666665,
    "pr_auc": 0.9231979282234004,
    "report": {
      "0.0": {
        "precision": 0.9583333333333334,
        "recall": 0.6216216216216216,
        "f1-score": 0.7540983606557377,
        "support": 37.0
      },
      "1.0": {
        "precision": 0.7142857142857143,
        "recall": 0.9722222222222222,
        "f1-score": 0.8235294117647058,
        "support": 36.0
      },
      "accuracy": 0.7945205479452054,
      "macro avg": {
        "precision": 0.8363095238095238,
        "recall": 0.7969219219219219,
        "f1-score": 0.7888138862102217,
        "support": 73.0
      },
      "weighted avg": {
        "precision": 0.8379810828440966,
        "recall": 0.7945205479452054,
        "f1-score": 0.7883383310656397,
        "support": 73.0
      }
    }
  }
}