{
  "fold": 1,
  "train": {
    "roc_auc": 0.8975673611868659,
    "pr_auc": 0.9223521253071614,
    "report": {
      "0.0": {
        "precision": 0.7764705882352941,
        "recall": 0.7415730337078652,
        "f1-score": 0.7586206896551724,
        "support": 89.0
      },
      "1.0": {
        "precision": 0.7850467289719626,
        "recall": 0.8155339805825242,
        "f1-score": 0.8,
        "support": 103.0
      },
      "accuracy": 0.78125,
      "macro avg": {
        "precision": 0.7807586586036284,
        "recall": 0.7785535071451948,
        "f1-score": 0.7793103448275862,
        "support": 192.0
      },
      "weighted avg": {
        "precision": 0.7810713304013195,
        "recall": 0.78125,
        "f1-score": 0.7808189655172413,
        "support": 192.0
      }
    }
  },
  "test": {
    "roc_auc": 0.855921855921856,
    "pr_auc": 0.8961467795825219,
    "report": {
      "0.0": {
        "precision": 0.725,
        "recall": 0.7435897435897436,
        "f1-score": 0.7341772151898734,
        "support": 39.0
      },
      "1.0": {
        "precision": 0.7560975609756098,
        "recall": 0.7380952380952381,
        "f1-score": 0.7469879518072289,
        "support": 42.0
      },
      "accuracy": 0.7407407407407407,
      "macro avg": {
        "precision": 0.7405487804878048,
        "recall": 0.7408424908424909,
        "f1-score": 0.7405825834985511,
        "support": 81.0
      },
      "weighted avg": {
        "precision": 0.7411246612466125,
        "recall": 0.7407407407407407,
        "f1-score": 0.7408198193618355,
        "support": 81.0
      }
    }
  }
}