{
  "fold": 4,
  "train": {
    "roc_auc": 0.8764008268958765,
    "pr_auc": 0.9115606838195565,
    "report": {
      "0.0": {
        "precision": 0.9473684210526315,
        "recall": 0.1978021978021978,
        "f1-score": 0.32727272727272727,
        "support": 91.0
      },
      "1.0": {
        "precision": 0.5780346820809249,
        "recall": 0.9900990099009901,
        "f1-score": 0.7299270072992701,
        "support": 101.0
      },
      "accuracy": 0.6145833333333334,
      "macro avg": {
        "precision": 0.7627015515667782,
        "recall": 0.5939506038515939,
        "f1-score": 0.5285998672859986,
        "support": 192.0
      },
      "weighted avg": {
        "precision": 0.7530834854477234,
        "recall": 0.6145833333333334,
        "f1-score": 0.5390856558283565,
        "support": 192.0
      }
    }
  },
  "test": {
    "roc_auc": 0.8549093183239526,
    "pr_auc": 0.8934097609049984,
    "report": {
      "0.0": {
        "precision": 1.0,
        "recall": 0.12195121951219512,
        "f1-score": 0.21739130434782608,
        "support": 41.0
      },
      "1.0": {
        "precision": 0.52,
        "recall": 1.0,
        "f1-score": 0.6842105263157895,
        "support": 39.0
      },
      "accuracy": 0.55,
      "macro avg": {
        "precision": 0.76,
        "recall": 0.5609756097560976,
        "f1-score": 0.45080091533180777,
        "support": 80.0
      },
      "weighted avg": {
        "precision": 0.766,
        "recall": 0.55,
        "f1-score": 0.4449656750572083,
        "support": 80.0
      }
    }
  }
}