{
  "fold": 1,
  "train": {
    "roc_auc": 0.9029126213592233,
    "pr_auc": 0.9264352142936888,
    "report": {
      "0.0": {
        "precision": 0.7764705882352941,
        "recall": 0.7415730337078652,
        "f1-score": 0.7586206896551724,
        "support": 89.0
      },
      "1.0": {
        "precision": 0.7850467289719626,
        "recall": 0.8155339805825242,
        "f1-score": 0.8,
        "support": 103.0
      },
      "accuracy": 0.78125,
      "macro avg": {
        "precision": 0.7807586586036284,
        "recall": 0.7785535071451948,
        "f1-score": 0.7793103448275862,
        "support": 192.0
      },
      "weighted avg": {
        "precision": 0.7810713304013195,
        "recall": 0.78125,
        "f1-score": 0.7808189655172413,
        "support": 192.0
      }
    }
  },
  "test": {
    "roc_auc": 0.8601953601953602,
    "pr_auc": 0.9010950538103649,
    "report": {
      "0.0": {
        "precision": 0.7631578947368421,
        "recall": 0.7435897435897436,
        "f1-score": 0.7532467532467533,
        "support": 39.0
      },
      "1.0": {
        "precision": 0.7674418604651163,
        "recall": 0.7857142857142857,
        "f1-score": 0.7764705882352941,
        "support": 42.0
      },
      "accuracy": 0.7654320987654321,
      "macro avg": {
        "precision": 0.7652998776009792,
        "recall": 0.7646520146520146,
        "f1-score": 0.7648586707410236,
        "support": 81.0
      },
      "weighted avg": {
        "precision": 0.765379210299651,
        "recall": 0.7654320987654321,
        "f1-score": 0.76528874175933,
        "support": 81.0
      }
    }
  }
}