{
  "fold": 2,
  "train": {
    "roc_auc": 0.6786760716223549,
    "pr_auc": 0.7046071072254669,
    "report": {
      "0.0": {
        "precision": 0.6705882352941176,
        "recall": 0.5876288659793815,
        "f1-score": 0.6263736263736264,
        "support": 97.0
      },
      "1.0": {
        "precision": 0.6261682242990654,
        "recall": 0.7052631578947368,
        "f1-score": 0.6633663366336634,
        "support": 95.0
      },
      "accuracy": 0.6458333333333334,
      "macro avg": {
        "precision": 0.6483782297965914,
        "recall": 0.6464460119370592,
        "f1-score": 0.6448699815036449,
        "support": 192.0
      },
      "weighted avg": {
        "precision": 0.648609584020524,
        "recall": 0.6458333333333334,
        "f1-score": 0.6446773111377072,
        "support": 192.0
      }
    }
  },
  "test": {
    "roc_auc": 0.6833541927409261,
    "pr_auc": 0.7648342749712312,
    "report": {
      "0.0": {
        "precision": 0.5365853658536586,
        "recall": 0.6470588235294118,
        "f1-score": 0.5866666666666667,
        "support": 34.0
      },
      "1.0": {
        "precision": 0.7,
        "recall": 0.5957446808510638,
        "f1-score": 0.6436781609195402,
        "support": 47.0
      },
      "accuracy": 0.6172839506172839,
      "macro avg": {
        "precision": 0.6182926829268293,
        "recall": 0.6214017521902377,
        "f1-score": 0.6151724137931034,
        "support": 81.0
      },
      "weighted avg": {
        "precision": 0.6314062029509183,
        "recall": 0.6172839506172839,
        "f1-score": 0.6197474102454945,
        "support": 81.0
      }
    }
  }
}