{
  "fold": 3,
  "train": {
    "roc_auc": 0.9755832881172002,
    "pr_auc": 0.9803150630350854,
    "report": {
      "0.0": {
        "precision": 0.96875,
        "recall": 0.6526315789473685,
        "f1-score": 0.779874213836478,
        "support": 95.0
      },
      "1.0": {
        "precision": 0.7421875,
        "recall": 0.979381443298969,
        "f1-score": 0.8444444444444444,
        "support": 97.0
      },
      "accuracy": 0.8177083333333334,
      "macro avg": {
        "precision": 0.85546875,
        "recall": 0.8160065111231687,
        "f1-score": 0.8121593291404612,
        "support": 192.0
      },
      "weighted avg": {
        "precision": 0.8542887369791666,
        "recall": 0.8177083333333334,
        "f1-score": 0.8124956324248777,
        "support": 192.0
      }
    }
  },
  "test": {
    "roc_auc": 0.9643527204502813,
    "pr_auc": 0.9713885054099186,
    "report": {
      "0.0": {
        "precision": 0.9523809523809523,
        "recall": 0.5128205128205128,
        "f1-score": 0.6666666666666666,
        "support": 39.0
      },
      "1.0": {
        "precision": 0.6779661016949152,
        "recall": 0.975609756097561,
        "f1-score": 0.8,
        "support": 41.0
      },
      "accuracy": 0.75,
      "macro avg": {
        "precision": 0.8151735270379338,
        "recall": 0.7442151344590369,
        "f1-score": 0.7333333333333334,
        "support": 80.0
      },
      "weighted avg": {
        "precision": 0.8117433414043582,
        "recall": 0.75,
        "f1-score": 0.7350000000000001,
        "support": 80.0
      }
    }
  }
}